<?xml version="1.0" encoding="UTF-8"?>
<mapping>
	<xmlSchema>
		<schema>http://xmlns.oracle.com/xdb/xfiles/XFilesWiki.xsd#XFilesWikiPage</schema>
		<stylesheet>/XFILES/lite/xsl/XFilesWiki.xsl</stylesheet>
		<includeContent>true</includeContent>
	</xmlSchema>
	<contentType>
		<contentType>application/x-javascript</contentType>
		<stylesheet>/XFILES/lite/xsl/SourceViewer.xsl</stylesheet>
		<includeContent>false</includeContent>
	</contentType>
	<contentType>
		<contentType>application/vnd.oracle-csx</contentType>
		<contentType>text/xml</contentType>
		<stylesheet>/XFILES/lite/xsl/SourceViewer.xsl</stylesheet>
		<includeContent>false</includeContent>
	</contentType>
	<fileExtension>
		<extension>java</extension>
		<extension>sql</extension>
		<extension>txt</extension>
		<extension>js</extension>
		<stylesheet>/XFILES/lite/xsl/SourceViewer.xsl</stylesheet>
		<includeContent>false</includeContent>
	</fileExtension>
</mapping>
