<?xml version="1.0" encoding="UTF-8"?>
<mapping>
	<fileExtension>
		<extension>java</extension>
		<icon>/XFILES/lib/icons/javaSource.png</icon>
	</fileExtension>
	<fileExtension>
		<extension>js</extension>
		<icon>/XFILES/lib/icons/jscriptSource.png</icon>
	</fileExtension>
	<fileExtension>
		<extension>sql</extension>
		<icon>/XFILES/lib/icons/sql.png</icon>
	</fileExtension>
	<fileExtension>
		<extension>doc</extension>
		<extension>docx</extension>
		<icon>/XFILES/lib/icons/wordDocument.png</icon>
	</fileExtension>
	<fileExtension>
		<extension>ppt</extension>
		<extension>pptx</extension>
		<icon>/XFILES/lib/icons/pptDocument.png</icon>
	</fileExtension>
	<fileExtension>
		<extension>xls</extension>
		<extension>xlsx</extension>
		<icon>/XFILES/lib/icons/excelDocument.png</icon>
	</fileExtension>
	<fileExtension>
		<extension>txt</extension>
		<icon>/XFILES/lib/icons/textDocument.png</icon>
	</fileExtension>
	<fileExtension>
		<extension>xwiki</extension>
		<icon>/XFILES/lib/icons/wikiDocument.png</icon>
	</fileExtension>
	<fileExtension>
		<extension>xml</extension>
		<extension>xsd</extension>
		<extension>xsl</extension>
		<icon>/XFILES/lib/icons/xmlDocument.png</icon>
	</fileExtension>
	<fileExtension>
		<extension>zip</extension>
		<icon>/XFILES/lib/icons/zip.png</icon>
	</fileExtension>
	<fileExtension>
		<extension>pdf</extension>
		<icon>/XFILES/lib/icons/pdf.png</icon>
	</fileExtension>
	<fileExtension>
		<extension>jpeg</extension>
		<extension>jpg</extension>
		<icon>/XFILES/lib/icons/imageJPEG.png</icon>
	</fileExtension>
	<fileExtension>
		<extension>gif</extension>
		<icon>/XFILES/lib/icons/imageGIF.png</icon>
	</fileExtension>
	<fileExtension>
		<extension>tif</extension>
		<icon>/XFILES/lib/icons/imageTIF.png</icon>
	</fileExtension>
	<fileExtension>
		<extension>bmp</extension>
		<icon>/XFILES/lib/icons/imageBMP.png</icon>
	</fileExtension>
	<fileExtension>
		<extension>png</extension>
		<icon>/XFILES/lib/icons/imagePNG.png</icon>
	</fileExtension>
	<fileExtension>
		<extension>avi</extension>
		<icon>/XFILES/lib/icons/avi.png</icon>
	</fileExtension>
	<fileExtension>
		<extension>mp4</extension>
		<icon>/XFILES/lib/icons/mp4.png</icon>
	</fileExtension>
	<fileExtension>
		<extension>mov</extension>
		<icon>/XFILES/lib/icons/mov.png</icon>
	</fileExtension>
	<fileExtension>
		<extension>htm</extension>
		<extension>html</extension>
		<icon>/XFILES/lib/icons/htmlPage.png</icon>
	</fileExtension>
	<fileExtension>
		<extension>xhmtl</extension>
		<icon>/XFILES/lib/icons/xhtmlPage.png</icon>
	</fileExtension>
	<fileExtension>
		<extension>exe</extension>
		<icon>/XFILES/lib/icons/application.png</icon>
	</fileExtension>
	<default>
		<icon>/XFILES/lib/icons/document.png</icon>
	</default>
</mapping>

