<!-- edited with XML Spy v4.4 U (http://www.xmlspy.com) by Mark D. Drake and Geoff Lee (Oracle XML Dev) -->
<installationParameters>
	<shortCutFolderName>Oracle 11gR2 XMLDB XFiles Demonstration</shortCutFolderName>
	<oracleHome/>
	<dba>SYSTEM</dba>
  <dbaPassword>oracle</dbaPassword>
	<oracleUser>XFILES</oracleUser>
	<oraclePassword>XFILES</oraclePassword>
	<tnsAlias>ADE</tnsAlias>
	<listener/>
	<sqlPort/>
	<hostName>adc2171198.us.oracle.com</hostName>
	<httpPort>8080</httpPort>
	<ftpPort>2121</ftpPort>
	<parameter name="%BASEFOLDER%" value="/home/%USER%"/>
	<parameter name="%COLOR_SCHEME%" value="Brown"/>
  <parameter name="%LOGO%" value="OracleTransparent3d.png"/>
  <parameter name="enableHTTPTrace" value="true"/>
  <parameter name="silentInstall" value="false"/>
</installationParameters>
