<?xml version="1.0" encoding="US-ASCII"?>
<acl description="Ensure users accessing content protected by the ACL have XFILES_USER role." 
     xmlns="http://xmlns.oracle.com/xdb/acl.xsd" xmlns:dav="DAV:" xmlns:xsi="http://www.w3.org/2001/XMLSchema-instance" 
     xsi:schemaLocation="http://xmlns.oracle.com/xdb/acl.xsd http://xmlns.oracle.com/xdb/acl.xsd" shared="true">
  <ace>
    <grant>false</grant>
    <principal>ANONYMOUS</principal>
    <privilege>
      <all/>
    </privilege>
  </ace>
  <ace>
    <grant>true</grant>
    <principal>dav:owner</principal>
    <privilege>
      <all/>
    </privilege>
  </ace>
  <ace>
    <grant>true</grant>
    <principal>XFILES_USER</principal>
    <privilege>
      <read-properties/>
      <read-contents/>
      <resolve/>
    </privilege>
  </ace>
</acl>