<ResConfig xmlns="http://xmlns.oracle.com/xdb/XDBResConfig.xsd" xmlns:xsi="http://www.w3.org/2001/XMLSchema-instance" xsi:schemaLocation="http://xmlns.oracle.com/xdb/XDBResConfig.xsd http://xmlns.oracle.com/xdb/XDBResConfig.xsd">
	 <!-- This resconfig is used to find the owner of the current HTTP session in XFILES -->
   <event-listeners>
     <listener>
       <description>XFILES Current Status</description>
       <schema>XFILES</schema>
       <source>XFILES_WHOAMI_EVENTS</source>
       <language>PL/SQL</language>
       <events>
         <Render/>
       </events>
     </listener>
   </event-listeners>
</ResConfig>