<?xml version="1.0" encoding="UTF-8" ?>
<!DOCTYPE log4j:configuration SYSTEM "log4j.dtd">

<log4j:configuration xmlns:log4j="http://jakarta.apache.org/log4j/">

	<appender name="A1" class="org.apache.log4j.FileAppender">
            <param name="File"   value="./log/log4plsql.log" />
            <param name="Append" value="false" />	    	
            <layout class="org.apache.log4j.PatternLayout">
		          <param name="ConversionPattern" value="%d %-5p (%c) - %m%n"/>
            </layout>	    
	</appender>
	
	<appender name="STDOUT" class="org.apache.log4j.ConsoleAppender">
		<layout class="org.apache.log4j.PatternLayout">
            <param name="ConversionPattern" value="%d %-5p [%t] %C{2} (%F:%L) - %m%n"/>
		</layout>		
	</appender>
	
	<category name="org.apache.log4j.xml">
	  <priority value="info" />
  	  <appender-ref ref="A1" />
	</category>
	
	<category name="log4j.logger.backgroundProcess">
	  <priority value="INFO" />
  	  <appender-ref ref="STDOUT" />
	</category>

	
	
	<root>
	   <priority value ="debug" />
   	   <appender-ref ref="STDOUT" />
	</root>
	
</log4j:configuration>

