<PurchaseOrder DateCreated="2007-04-01T12:26:48.65000Z" xmlns:xsi="http://www.w3.org/2001/XMLSchema-instance" xsi:noNamespaceSchemaLocation="http://xmldb.example.com:8080/home/SCOTT/xsd/purchaseOrder.xsd">
   <Reference>ABANDA-2007040105264865PDT</Reference>
   <Actions>
      <Action>
         <User>ABANDA</User>
      </Action>
   </Actions>
   <Rejection>
      <Date xsi:nil="true"/>
      <User xsi:nil="true"/>
   </Rejection>
   <Requestor>Amit Banda</Requestor>
   <User>ABANDA</User>
   <CostCenter>A80</CostCenter>
   <ShippingInstructions>
      <name>Amit Banda</name>
      <address>Magdalen Centre, The Oxford Science Park,
Oxford,
Oxford OX9 9ZB
United Kingdom</address>
      <telephone>400-265-3520</telephone>
   </ShippingInstructions>
   <SpecialInstructions>Surface Mail</SpecialInstructions>
   <LineItems>
      <LineItem ItemNumber="1">
         <Part Description="The Standard Deviants: French, Part 2" UnitPrice="27.95">631865004324</Part>
         <Quantity>5.0</Quantity>
      </LineItem>
      <LineItem ItemNumber="2">
         <Part Description="Killer Creatures: Killer Shrews &amp; I Bury / Movie" UnitPrice="19.95">56775058098</Part>
         <Quantity>5.0</Quantity>
      </LineItem>
      <LineItem ItemNumber="3">
         <Part Description="Look Who's Talking, Too" UnitPrice="19.95">43396054257</Part>
         <Quantity>7.0</Quantity>
      </LineItem>
      <LineItem ItemNumber="4">
         <Part Description="Arabella (Metropolitan Opera" UnitPrice="19.95">44007300596</Part>
         <Quantity>7.0</Quantity>
      </LineItem>
      <LineItem ItemNumber="5">
         <Part Description="3 Ninjas Kick Back" UnitPrice="19.95">43396059832</Part>
         <Quantity>1.0</Quantity>
      </LineItem>
      <LineItem ItemNumber="6">
         <Part Description="Farinelli" UnitPrice="19.95">43396106291</Part>
         <Quantity>2.0</Quantity>
      </LineItem>
      <LineItem ItemNumber="7">
         <Part Description="Dragon Ball Z: Androids- Dr Gero" UnitPrice="27.95">704400030086</Part>
         <Quantity>5.0</Quantity>
      </LineItem>
      <LineItem ItemNumber="8">
         <Part Description="Return of the Dragon" UnitPrice="19.95">24543018049</Part>
         <Quantity>7.0</Quantity>
      </LineItem>
      <LineItem ItemNumber="9">
         <Part Description="Friday the 13th, Part VI: Jason Lives" UnitPrice="27.95">97363198246</Part>
         <Quantity>8.0</Quantity>
      </LineItem>
   </LineItems>
</PurchaseOrder>
