<PurchaseOrder DateCreated="2007-04-11T13:30:21.27000Z" xmlns:xsi="http://www.w3.org/2001/XMLSchema-instance" xsi:noNamespaceSchemaLocation="http://xmldb.example.com:8080/home/SCOTT/xsd/purchaseOrder.xsd">
   <Reference>ABANDA-2007041106302127PDT</Reference>
   <Actions>
      <Action>
         <User>ABANDA</User>
      </Action>
   </Actions>
   <Rejection>
      <Date xsi:nil="true"/>
      <User xsi:nil="true"/>
   </Rejection>
   <Requestor>Amit Banda</Requestor>
   <User>ABANDA</User>
   <CostCenter>A80</CostCenter>
   <ShippingInstructions>
      <name>Amit Banda</name>
      <address>Magdalen Centre, The Oxford Science Park,
Oxford,
Oxford OX9 9ZB
United Kingdom</address>
      <telephone>205-4-60</telephone>
   </ShippingInstructions>
   <SpecialInstructions>Ground</SpecialInstructions>
   <LineItems>
      <LineItem ItemNumber="1">
         <Part Description="Annie Get Your Gun" UnitPrice="27.95">12569543829</Part>
         <Quantity>6.0</Quantity>
      </LineItem>
      <LineItem ItemNumber="2">
         <Part Description="Donovan's Reef" UnitPrice="19.95">97360622041</Part>
         <Quantity>1.0</Quantity>
      </LineItem>
      <LineItem ItemNumber="3">
         <Part Description="Laurel &amp; Hardy and Friends" UnitPrice="19.95">14381480023</Part>
         <Quantity>2.0</Quantity>
      </LineItem>
      <LineItem ItemNumber="4">
         <Part Description="No Way Back" UnitPrice="27.95">43396058187</Part>
         <Quantity>2.0</Quantity>
      </LineItem>
      <LineItem ItemNumber="5">
         <Part Description="Gormenghast" UnitPrice="32.95">794051154521</Part>
         <Quantity>8.0</Quantity>
      </LineItem>
      <LineItem ItemNumber="6">
         <Part Description="Soul Food" UnitPrice="19.95">24543012061</Part>
         <Quantity>2.0</Quantity>
      </LineItem>
      <LineItem ItemNumber="7">
         <Part Description="Up in Smoke" UnitPrice="27.95">97360896640</Part>
         <Quantity>5.0</Quantity>
      </LineItem>
      <LineItem ItemNumber="8">
         <Part Description="Missa Solemnis" UnitPrice="19.95">13023150591</Part>
         <Quantity>4.0</Quantity>
      </LineItem>
      <LineItem ItemNumber="9">
         <Part Description="Superman III" UnitPrice="19.95">85391132028</Part>
         <Quantity>2.0</Quantity>
      </LineItem>
      <LineItem ItemNumber="10">
         <Part Description="The Wild Child" UnitPrice="19.95">27616864499</Part>
         <Quantity>6.0</Quantity>
      </LineItem>
      <LineItem ItemNumber="11">
         <Part Description="Disney's The Kid- Special Edition" UnitPrice="19.95">717951008664</Part>
         <Quantity>4.0</Quantity>
      </LineItem>
      <LineItem ItemNumber="12">
         <Part Description="The Blob" UnitPrice="19.95">43396059238</Part>
         <Quantity>9.0</Quantity>
      </LineItem>
      <LineItem ItemNumber="13">
         <Part Description="Poirot: Dumb Witness" UnitPrice="29.95">54961470396</Part>
         <Quantity>9.0</Quantity>
      </LineItem>
   </LineItems>
</PurchaseOrder>
