<PurchaseOrder DateCreated="2007-04-04T07:35:05.93000Z" xmlns:xsi="http://www.w3.org/2001/XMLSchema-instance" xsi:noNamespaceSchemaLocation="http://xmldb.example.com:8080/home/SCOTT/xsd/purchaseOrder.xsd">
   <Reference>ABANDA-2007040400350593PDT</Reference>
   <Actions>
      <Action>
         <User>ABANDA</User>
      </Action>
   </Actions>
   <Rejection>
      <Date xsi:nil="true"/>
      <User xsi:nil="true"/>
   </Rejection>
   <Requestor>Amit Banda</Requestor>
   <User>ABANDA</User>
   <CostCenter>A80</CostCenter>
   <ShippingInstructions>
      <name>Amit Banda</name>
      <address>Magdalen Centre, The Oxford Science Park,
Oxford,
Oxford OX9 9ZB
United Kingdom</address>
      <telephone>376-369-5508</telephone>
   </ShippingInstructions>
   <SpecialInstructions>Courier</SpecialInstructions>
   <LineItems>
      <LineItem ItemNumber="1">
         <Part Description="Shock" UnitPrice="19.95">13131107296</Part>
         <Quantity>2.0</Quantity>
      </LineItem>
      <LineItem ItemNumber="2">
         <Part Description="Best Of Sports Bloopers" UnitPrice="27.95">56775067694</Part>
         <Quantity>5.0</Quantity>
      </LineItem>
      <LineItem ItemNumber="3">
         <Part Description="The Doors: The Doors Are Open- The Roundhouse, London" UnitPrice="19.95">13023007499</Part>
         <Quantity>3.0</Quantity>
      </LineItem>
      <LineItem ItemNumber="4">
         <Part Description="The Mummy Returns" UnitPrice="0.0">25192110023</Part>
         <Quantity>3.0</Quantity>
      </LineItem>
      <LineItem ItemNumber="5">
         <Part Description="Burn the Floor" UnitPrice="19.95">25192071324</Part>
         <Quantity>5.0</Quantity>
      </LineItem>
      <LineItem ItemNumber="6">
         <Part Description="Keb' Mo': Sessions at West 54th- Recorded Live in New York" UnitPrice="19.95">74645023793</Part>
         <Quantity>1.0</Quantity>
      </LineItem>
      <LineItem ItemNumber="7">
         <Part Description="Hoodlum" UnitPrice="19.95">27616699527</Part>
         <Quantity>9.0</Quantity>
      </LineItem>
      <LineItem ItemNumber="8">
         <Part Description="The Pink Panther" UnitPrice="19.95">27616704122</Part>
         <Quantity>9.0</Quantity>
      </LineItem>
      <LineItem ItemNumber="9">
         <Part Description="The Peacemaker" UnitPrice="26.95">667068467420</Part>
         <Quantity>7.0</Quantity>
      </LineItem>
      <LineItem ItemNumber="10">
         <Part Description="It Could Happen to You" UnitPrice="27.95">43396728196</Part>
         <Quantity>4.0</Quantity>
      </LineItem>
      <LineItem ItemNumber="11">
         <Part Description="Standard Deviants: Math Basics" UnitPrice="27.95">631865003020</Part>
         <Quantity>6.0</Quantity>
      </LineItem>
      <LineItem ItemNumber="12">
         <Part Description="Bounce" UnitPrice="19.95">786936144765</Part>
         <Quantity>8.0</Quantity>
      </LineItem>
      <LineItem ItemNumber="13">
         <Part Description="Oliver!" UnitPrice="19.95">43396021372</Part>
         <Quantity>8.0</Quantity>
      </LineItem>
   </LineItems>
</PurchaseOrder>
