<PurchaseOrder DateCreated="2007-04-14T09:36:47.76000Z" xmlns:xsi="http://www.w3.org/2001/XMLSchema-instance" xsi:noNamespaceSchemaLocation="http://xmldb.example.com:8080/home/SCOTT/xsd/purchaseOrder.xsd">
   <Reference>ABANDA-2007041402364776PDT</Reference>
   <Actions>
      <Action>
         <User>ABANDA</User>
      </Action>
   </Actions>
   <Rejection>
      <Date xsi:nil="true"/>
      <User xsi:nil="true"/>
   </Rejection>
   <Requestor>Amit Banda</Requestor>
   <User>ABANDA</User>
   <CostCenter>A80</CostCenter>
   <ShippingInstructions>
      <name>Amit Banda</name>
      <address>Magdalen Centre, The Oxford Science Park,
Oxford,
Oxford OX9 9ZB
United Kingdom</address>
      <telephone>40-575-9606</telephone>
   </ShippingInstructions>
   <SpecialInstructions>Courier</SpecialInstructions>
   <LineItems>
      <LineItem ItemNumber="1">
         <Part Description="Discworld: Wyrd Sisters" UnitPrice="29.95">54961837496</Part>
         <Quantity>7.0</Quantity>
      </LineItem>
      <LineItem ItemNumber="2">
         <Part Description="Ghost Stories, Vol. 2" UnitPrice="19.95">56775017095</Part>
         <Quantity>3.0</Quantity>
      </LineItem>
      <LineItem ItemNumber="3">
         <Part Description="Absence of Malice" UnitPrice="19.95">43396269590</Part>
         <Quantity>4.0</Quantity>
      </LineItem>
      <LineItem ItemNumber="4">
         <Part Description="Highlander: The Adventure -- begins" UnitPrice="19.95">13023036291</Part>
         <Quantity>7.0</Quantity>
      </LineItem>
      <LineItem ItemNumber="5">
         <Part Description="On the Town" UnitPrice="19.95">12569509221</Part>
         <Quantity>8.0</Quantity>
      </LineItem>
      <LineItem ItemNumber="6">
         <Part Description="I'll Never Forget What's 'is Name" UnitPrice="19.95">13131098891</Part>
         <Quantity>4.0</Quantity>
      </LineItem>
      <LineItem ItemNumber="7">
         <Part Description="Darkman" UnitPrice="19.95">25192017926</Part>
         <Quantity>4.0</Quantity>
      </LineItem>
      <LineItem ItemNumber="8">
         <Part Description="Adam Sandler Nice &amp; Naughty Gift" UnitPrice="27.95">794043531026</Part>
         <Quantity>8.0</Quantity>
      </LineItem>
      <LineItem ItemNumber="9">
         <Part Description="The Rocketeer" UnitPrice="19.95">717951003195</Part>
         <Quantity>5.0</Quantity>
      </LineItem>
      <LineItem ItemNumber="10">
         <Part Description="The Adventures of Milo and Otis" UnitPrice="19.95">43396501492</Part>
         <Quantity>6.0</Quantity>
      </LineItem>
   </LineItems>
</PurchaseOrder>
