<PurchaseOrder DateCreated="2007-04-01T12:17:43.48000Z">
   <Reference>ABANDA-2007040105174348PDT</Reference>
   <Actions>
      <Action>
         <User>ABANDA</User>
      </Action>
   </Actions>
   <Rejection>
      <Date xsi:nil="true"/>
      <User xsi:nil="true"/>
   </Rejection>
   <Requestor>Amit Banda</Requestor>
   <User>ABANDA</User>
   <CostCenter>A80</CostCenter>
   <ShippingInstructions>
      <name>Amit Banda</name>
      <address>Magdalen Centre, The Oxford Science Park,
Oxford,
Oxford OX9 9ZB
United Kingdom</address>
      <telephone>377-420-5467</telephone>
   </ShippingInstructions>
   <SpecialInstructions>COD</SpecialInstructions>
   <LineItems>
      <LineItem ItemNumber="1">
         <Part Description="Lexx: Season 2 V -3" UnitPrice="19.95">54961473892</Part>
         <Quantity>8.0</Quantity>
      </LineItem>
      <LineItem ItemNumber="2">
         <Part Description="Starship Troopers" UnitPrice="27.95">43396717190</Part>
         <Quantity>4.0</Quantity>
      </LineItem>
      <LineItem ItemNumber="3">
         <Part Description="Herbert Von Karajan- His Legacy for Home Video: Beethoven Symphonies Nos. 2 &amp; 3- Eroica" UnitPrice="19.95">74644636598</Part>
         <Quantity>4.0</Quantity>
      </LineItem>
      <LineItem ItemNumber="4">
         <Part Description="The Rock" UnitPrice="19.95">717951000040</Part>
         <Quantity>3.0</Quantity>
      </LineItem>
      <LineItem ItemNumber="5">
         <Part Description="The Secret of NIMH II: Timmy to the Rescue" UnitPrice="19.95">27616859181</Part>
         <Quantity>7.0</Quantity>
      </LineItem>
      <LineItem ItemNumber="6">
         <Part Description="The Clan of the Cave Bear" UnitPrice="19.95">85391375326</Part>
         <Quantity>8.0</Quantity>
      </LineItem>
      <LineItem ItemNumber="7">
         <Part Description="Straight to Hell" UnitPrice="19.95">13131131499</Part>
         <Quantity>2.0</Quantity>
      </LineItem>
      <LineItem ItemNumber="8">
         <Part Description="Hero" UnitPrice="19.95">43396515697</Part>
         <Quantity>7.0</Quantity>
      </LineItem>
      <LineItem ItemNumber="9">
         <Part Description="Michael Crawford in Concert" UnitPrice="19.95">85393642020</Part>
         <Quantity>3.0</Quantity>
      </LineItem>
      <LineItem ItemNumber="10">
         <Part Description="Arabian Nights &amp; Gulliver's Travels" UnitPrice="32.95">12236123040</Part>
         <Quantity>1.0</Quantity>
      </LineItem>
      <LineItem ItemNumber="11">
         <Part Description="The In Crowd" UnitPrice="19.95">85391862925</Part>
         <Quantity>1.0</Quantity>
      </LineItem>
   </LineItems>
</PurchaseOrder>
