<PurchaseOrder DateCreated="2007-04-17T11:32:47.86000Z" xmlns:xsi="http://www.w3.org/2001/XMLSchema-instance" xsi:noNamespaceSchemaLocation="http://xmldb.example.com:8080/home/SCOTT/xsd/purchaseOrder.xsd">
   <Reference>ABANDA-2007041704324786PDT</Reference>
   <Actions>
      <Action>
         <User>ABANDA</User>
      </Action>
   </Actions>
   <Rejection>
      <Date xsi:nil="true"/>
      <User xsi:nil="true"/>
   </Rejection>
   <Requestor>Amit Banda</Requestor>
   <User>ABANDA</User>
   <CostCenter>A80</CostCenter>
   <ShippingInstructions>
      <name>Amit Banda</name>
      <address>Magdalen Centre, The Oxford Science Park,
Oxford,
Oxford OX9 9ZB
United Kingdom</address>
      <telephone>791-528-1078</telephone>
   </ShippingInstructions>
   <SpecialInstructions>Next Day Air</SpecialInstructions>
   <LineItems>
      <LineItem ItemNumber="1">
         <Part Description="Live Flesh" UnitPrice="19.95">27616860422</Part>
         <Quantity>2.0</Quantity>
      </LineItem>
      <LineItem ItemNumber="2">
         <Part Description="UFO and Paranormal Phenomena: Encounters of the Fifth Kind, Pt. 2" UnitPrice="19.95">56775004095</Part>
         <Quantity>4.0</Quantity>
      </LineItem>
      <LineItem ItemNumber="3">
         <Part Description="American Steam, A Vanishing Era: Steam in the 50s and 60s" UnitPrice="19.95">56775018191</Part>
         <Quantity>3.0</Quantity>
      </LineItem>
      <LineItem ItemNumber="4">
         <Part Description="The Boxer" UnitPrice="19.95">25192024023</Part>
         <Quantity>6.0</Quantity>
      </LineItem>
      <LineItem ItemNumber="5">
         <Part Description="Pokemon 47: Johto Journeys- Azalea Adv" UnitPrice="27.95">13023159693</Part>
         <Quantity>8.0</Quantity>
      </LineItem>
      <LineItem ItemNumber="6">
         <Part Description="K.D. Lang: Harvest of Seven Years (Cropped and Chronicled" UnitPrice="19.95">75993823424</Part>
         <Quantity>7.0</Quantity>
      </LineItem>
      <LineItem ItemNumber="7">
         <Part Description="Star Trek VI: The Undiscovered Country" UnitPrice="19.95">97363230175</Part>
         <Quantity>3.0</Quantity>
      </LineItem>
      <LineItem ItemNumber="8">
         <Part Description="The Dentist II" UnitPrice="19.95">31398701033</Part>
         <Quantity>8.0</Quantity>
      </LineItem>
      <LineItem ItemNumber="9">
         <Part Description="The Fortune Cookie" UnitPrice="19.95">27616858931</Part>
         <Quantity>1.0</Quantity>
      </LineItem>
      <LineItem ItemNumber="10">
         <Part Description="A Family Thing" UnitPrice="19.95">27616860989</Part>
         <Quantity>8.0</Quantity>
      </LineItem>
      <LineItem ItemNumber="11">
         <Part Description="Under Fire" UnitPrice="19.95">27616865755</Part>
         <Quantity>7.0</Quantity>
      </LineItem>
   </LineItems>
</PurchaseOrder>
