<PurchaseOrder DateCreated="2007-04-14T12:28:33.13000Z" xmlns:xsi="http://www.w3.org/2001/XMLSchema-instance" xsi:noNamespaceSchemaLocation="http://xmldb.example.com:8080/home/SCOTT/xsd/purchaseOrder.xsd">
   <Reference>ABANDA-2007041405283313PDT</Reference>
   <Actions>
      <Action>
         <User>ABANDA</User>
      </Action>
   </Actions>
   <Rejection>
      <Date xsi:nil="true"/>
      <User xsi:nil="true"/>
   </Rejection>
   <Requestor>Amit Banda</Requestor>
   <User>ABANDA</User>
   <CostCenter>A80</CostCenter>
   <ShippingInstructions>
      <name>Amit Banda</name>
      <address>Magdalen Centre, The Oxford Science Park,
Oxford,
Oxford OX9 9ZB
United Kingdom</address>
      <telephone>105-908-8359</telephone>
   </ShippingInstructions>
   <SpecialInstructions>Counter to Counter</SpecialInstructions>
   <LineItems>
      <LineItem ItemNumber="1">
         <Part Description="The Tao of Steve" UnitPrice="19.95">43396056640</Part>
         <Quantity>4.0</Quantity>
      </LineItem>
      <LineItem ItemNumber="2">
         <Part Description="ECW: Extreme Evolution" UnitPrice="19.95">13023053694</Part>
         <Quantity>3.0</Quantity>
      </LineItem>
      <LineItem ItemNumber="3">
         <Part Description="Encyclopedia of the 20th Century: Days That Shook the World, Vol. 2- 1920-1939" UnitPrice="27.95">56775068790</Part>
         <Quantity>3.0</Quantity>
      </LineItem>
      <LineItem ItemNumber="4">
         <Part Description="Searching for Bobby Fischer" UnitPrice="19.95">97363267348</Part>
         <Quantity>5.0</Quantity>
      </LineItem>
      <LineItem ItemNumber="5">
         <Part Description="A Hole in the Head" UnitPrice="19.95">27616865892</Part>
         <Quantity>9.0</Quantity>
      </LineItem>
      <LineItem ItemNumber="6">
         <Part Description="Theremin: An Electronic Odyssey" UnitPrice="19.95">27616864451</Part>
         <Quantity>9.0</Quantity>
      </LineItem>
      <LineItem ItemNumber="7">
         <Part Description="Gridlock'd" UnitPrice="19.95">44005498721</Part>
         <Quantity>2.0</Quantity>
      </LineItem>
      <LineItem ItemNumber="8">
         <Part Description="Hair" UnitPrice="19.95">27616764126</Part>
         <Quantity>7.0</Quantity>
      </LineItem>
      <LineItem ItemNumber="9">
         <Part Description="Candy" UnitPrice="19.95">13131107098</Part>
         <Quantity>8.0</Quantity>
      </LineItem>
      <LineItem ItemNumber="10">
         <Part Description="The Exorcist 3" UnitPrice="19.95">85391748823</Part>
         <Quantity>4.0</Quantity>
      </LineItem>
      <LineItem ItemNumber="11">
         <Part Description="As Good As It Gets" UnitPrice="19.95">43396217096</Part>
         <Quantity>6.0</Quantity>
      </LineItem>
      <LineItem ItemNumber="12">
         <Part Description="Blue Velvet" UnitPrice="19.95">27616805928</Part>
         <Quantity>6.0</Quantity>
      </LineItem>
      <LineItem ItemNumber="13">
         <Part Description="George Thorogood And The Destroyers Live In '99" UnitPrice="27.95">60768830998</Part>
         <Quantity>7.0</Quantity>
      </LineItem>
   </LineItems>
</PurchaseOrder>
