<PurchaseOrder DateCreated="2007-04-02T12:18:14.12000Z" xmlns:xsi="http://www.w3.org/2001/XMLSchema-instance" xsi:noNamespaceSchemaLocation="http://xmldb.example.com:8080/home/SCOTT/xsd/purchaseOrder.xsd">
   <Reference>ABANDA-2007040205181412PDT</Reference>
   <Actions>
      <Action>
         <User>ABANDA</User>
      </Action>
   </Actions>
   <Rejection>
      <Date xsi:nil="true"/>
      <User xsi:nil="true"/>
   </Rejection>
   <Requestor>Amit Banda</Requestor>
   <User>ABANDA</User>
   <CostCenter>A80</CostCenter>
   <ShippingInstructions>
      <name>Amit Banda</name>
      <address>Magdalen Centre, The Oxford Science Park,
Oxford,
Oxford OX9 9ZB
United Kingdom</address>
      <telephone>180-2-7024</telephone>
   </ShippingInstructions>
   <SpecialInstructions>Expidite</SpecialInstructions>
   <LineItems>
      <LineItem ItemNumber="1">
         <Part Description="Of Human Bondage" UnitPrice="27.95">56775070595</Part>
         <Quantity>2.0</Quantity>
      </LineItem>
      <LineItem ItemNumber="2">
         <Part Description="Hard Eight" UnitPrice="19.95">43396810396</Part>
         <Quantity>2.0</Quantity>
      </LineItem>
      <LineItem ItemNumber="3">
         <Part Description="Brassed Off" UnitPrice="19.95">717951002457</Part>
         <Quantity>6.0</Quantity>
      </LineItem>
      <LineItem ItemNumber="4">
         <Part Description="Poirot: Hercule Poirot`s Christmas" UnitPrice="14.95">54961471195</Part>
         <Quantity>6.0</Quantity>
      </LineItem>
      <LineItem ItemNumber="5">
         <Part Description="Running Mates" UnitPrice="19.95">53939834925</Part>
         <Quantity>3.0</Quantity>
      </LineItem>
      <LineItem ItemNumber="6">
         <Part Description="Die, Monster, Die!" UnitPrice="19.95">27616858535</Part>
         <Quantity>1.0</Quantity>
      </LineItem>
      <LineItem ItemNumber="7">
         <Part Description="MTV: Uncensored- Sports Illustrated Swimsuit Issue" UnitPrice="19.95">74645145990</Part>
         <Quantity>7.0</Quantity>
      </LineItem>
      <LineItem ItemNumber="8">
         <Part Description="Slugs" UnitPrice="19.95">13131115994</Part>
         <Quantity>7.0</Quantity>
      </LineItem>
      <LineItem ItemNumber="9">
         <Part Description="Kenny Loggins: Outside: From the Redwoods" UnitPrice="19.95">74644917697</Part>
         <Quantity>1.0</Quantity>
      </LineItem>
      <LineItem ItemNumber="10">
         <Part Description="Un Ballo in Maschera" UnitPrice="19.95">13023149793</Part>
         <Quantity>2.0</Quantity>
      </LineItem>
      <LineItem ItemNumber="11">
         <Part Description="Soldier of Orange" UnitPrice="19.95">13131125399</Part>
         <Quantity>2.0</Quantity>
      </LineItem>
      <LineItem ItemNumber="12">
         <Part Description="Tenchi Forever" UnitPrice="19.95">13023026292</Part>
         <Quantity>3.0</Quantity>
      </LineItem>
   </LineItems>
</PurchaseOrder>
