<ResConfig xmlns="http://xmlns.oracle.com/xdb/XDBResConfig.xsd" xmlns:xsi="http://www.w3.org/2001/XMLSchema-instance" xsi:schemaLocation="http://xmlns.oracle.com/xdb/XDBResConfig.xsd http://xmlns.oracle.com/xdb/XDBResConfig.xsd">
	 <!-- This resconfig is used to force an index.html page to redirect into the XFiles application -->
   <event-listeners>
     <listener>
       <description>XFiles Application Redirect</description>
       <schema>XFILES</schema>
       <source>XFILES_APPLICATION_REDIRECT</source>
       <language>PL/SQL</language>
       <events>
         <Render/>
       </events>
     </listener>
   </event-listeners>
</ResConfig>